<?xml version="1.0"?>
<data grt_format="2.0" document_type="MySQL Workbench Model" version="1.4.4">
  <value type="object" struct-name="workbench.Document" id="{DE5107C7-20E6-4D79-B571-CA0213968236}" struct-checksum="0x7131bf99">
    <value type="object" struct-name="workbench.logical.Model" id="{2BCA4036-5754-4E06-9C13-66EDC4C6B283}" struct-checksum="0xf4220370" key="logicalModel">
      <value _ptr_="00000200757F03E0" type="list" content-type="object" content-struct-name="workbench.logical.Diagram" key="diagrams"/>
      <value _ptr_="00000200759E6610" type="dict" key="customData"/>
      <value _ptr_="00000200757F0ED0" type="list" content-type="object" content-struct-name="model.Marker" key="markers"/>
      <value _ptr_="00000200759E6190" type="dict" key="options"/>
      <value type="string" key="name"></value>
      <link type="object" struct-name="GrtObject" key="owner">{DE5107C7-20E6-4D79-B571-CA0213968236}</link>
    </value>
    <value _ptr_="00000200757F0A00" type="list" content-type="object" content-struct-name="workbench.OverviewPanel" key="overviewPanels"/>
    <value _ptr_="00000200757F0370" type="list" content-type="object" content-struct-name="workbench.physical.Model" key="physicalModels">
      <value type="object" struct-name="workbench.physical.Model" id="{94270686-C2D5-4CC9-ABFB-27A38FCD305C}" struct-checksum="0x5f896d18">
        <value type="object" struct-name="db.mysql.Catalog" id="{918D761C-C458-4A3B-BFD9-E5B493288133}" struct-checksum="0x82ad3466" key="catalog">
          <value _ptr_="00000200757F1100" type="list" content-type="object" content-struct-name="db.mysql.LogFileGroup" key="logFileGroups"/>
          <value _ptr_="00000200757F0A70" type="list" content-type="object" content-struct-name="db.mysql.Schema" key="schemata">
            <value type="object" struct-name="db.mysql.Schema" id="{FF9F92AF-36FC-4A74-B03E-D9C9DB727381}" struct-checksum="0x20b94c22">
              <value _ptr_="00000200757EFC00" type="list" content-type="object" content-struct-name="db.mysql.RoutineGroup" key="routineGroups"/>
              <value _ptr_="00000200757EFCE0" type="list" content-type="object" content-struct-name="db.mysql.Routine" key="routines"/>
              <value _ptr_="00000200757EFDC0" type="list" content-type="object" content-struct-name="db.mysql.Sequence" key="sequences"/>
              <value _ptr_="00000200757EFE30" type="list" content-type="object" content-struct-name="db.mysql.StructuredDatatype" key="structuredTypes"/>
              <value _ptr_="00000200757F1C60" type="list" content-type="object" content-struct-name="db.mysql.Synonym" key="synonyms"/>
              <value _ptr_="00000200757F2980" type="list" content-type="object" content-struct-name="db.mysql.Table" key="tables">
                <value type="object" struct-name="db.mysql.Table" id="{E57E1324-087B-44A7-BE9F-8385CAAD8B34}" struct-checksum="0x4564421a">
                  <value type="string" key="avgRowLength"></value>
                  <value type="int" key="checksum">0</value>
                  <value _ptr_="00000200757F1E90" type="list" content-type="object" content-struct-name="db.mysql.Column" key="columns">
                    <value type="object" struct-name="db.mysql.Column" id="{387C7443-497C-42CE-AD38-A8B09422D645}" struct-checksum="0xba88e21c">
                      <value type="int" key="autoIncrement">1</value>
                      <value type="string" key="expression"></value>
                      <value type="int" key="generated">0</value>
                      <value type="string" key="generatedStorage"></value>
                      <value type="string" key="characterSetName"></value>
                      <value _ptr_="00000200757F1DB0" type="list" content-type="object" content-struct-name="db.CheckConstraint" key="checks"/>
                      <value type="string" key="collationName"></value>
                      <value type="string" key="datatypeExplicitParams"></value>
                      <value type="string" key="defaultValue"></value>
                      <value type="int" key="defaultValueIsNull">0</value>
                      <value _ptr_="00000200757F22F0" type="list" content-type="string" key="flags"/>
                      <value type="int" key="isNotNull">1</value>
                      <value type="int" key="length">-1</value>
                      <value type="int" key="precision">-1</value>
                      <value type="int" key="scale">-1</value>
                      <link type="object" struct-name="db.SimpleDatatype" key="simpleType">com.mysql.rdbms.mysql.datatype.bigint</link>
                      <value type="string" key="comment"></value>
                      <value type="string" key="name">id</value>
                      <value type="string" key="oldName"></value>
                      <link type="object" struct-name="GrtObject" key="owner">{E57E1324-087B-44A7-BE9F-8385CAAD8B34}</link>
                    </value>
                    <value type="object" struct-name="db.mysql.Column" id="{E2739B06-739D-4DC4-BC8A-037ABD8866F6}" struct-checksum="0xba88e21c">
                      <value type="int" key="autoIncrement">0</value>
                      <value type="string" key="expression"></value>
                      <value type="int" key="generated">0</value>
                      <value type="string" key="generatedStorage"></value>
                      <value type="string" key="characterSetName"></value>
                      <value _ptr_="00000200757F2D00" type="list" content-type="object" content-struct-name="db.CheckConstraint" key="checks"/>
                      <value type="string" key="collationName"></value>
                      <value type="string" key="datatypeExplicitParams"></value>
                      <value type="string" key="defaultValue"></value>
                      <value type="int" key="defaultValueIsNull">0</value>
                      <value _ptr_="00000200757F23D0" type="list" content-type="string" key="flags"/>
                      <value type="int" key="isNotNull">1</value>
                      <value type="int" key="length">255</value>
                      <value type="int" key="precision">-1</value>
                      <value type="int" key="scale">-1</value>
                      <link type="object" struct-name="db.SimpleDatatype" key="simpleType">com.mysql.rdbms.mysql.datatype.varchar</link>
                      <value type="string" key="comment"></value>
                      <value type="string" key="name">titulo</value>
                      <value type="string" key="oldName"></value>
                      <link type="object" struct-name="GrtObject" key="owner">{E57E1324-087B-44A7-BE9F-8385CAAD8B34}</link>
                    </value>
                    <value type="object" struct-name="db.mysql.Column" id="{65C2AB7A-3BB5-4B05-A455-0D83CE08E8EC}" struct-checksum="0xba88e21c">
                      <value type="int" key="autoIncrement">0</value>
                      <value type="string" key="expression"></value>
                      <value type="int" key="generated">0</value>
                      <value type="string" key="generatedStorage"></value>
                      <value type="string" key="characterSetName"></value>
                      <value _ptr_="00000200757F2B40" type="list" content-type="object" content-struct-name="db.CheckConstraint" key="checks"/>
                      <value type="string" key="collationName"></value>
                      <value type="string" key="datatypeExplicitParams"></value>
                      <value type="string" key="defaultValue"></value>
                      <value type="int" key="defaultValueIsNull">0</value>
                      <value _ptr_="00000200757F2830" type="list" content-type="string" key="flags"/>
                      <value type="int" key="isNotNull">1</value>
                      <value type="int" key="length">255</value>
                      <value type="int" key="precision">-1</value>
                      <value type="int" key="scale">-1</value>
                      <link type="object" struct-name="db.SimpleDatatype" key="simpleType">com.mysql.rdbms.mysql.datatype.varchar</link>
                      <value type="string" key="comment"></value>
                      <value type="string" key="name">texto</value>
                      <value type="string" key="oldName"></value>
                      <link type="object" struct-name="GrtObject" key="owner">{E57E1324-087B-44A7-BE9F-8385CAAD8B34}</link>
                    </value>
                    <value type="object" struct-name="db.mysql.Column" id="{F340ACDD-CCDA-40F4-91B0-23371CE5ACAC}" struct-checksum="0xba88e21c">
                      <value type="int" key="autoIncrement">0</value>
                      <value type="string" key="expression"></value>
                      <value type="int" key="generated">0</value>
                      <value type="string" key="generatedStorage"></value>
                      <value type="string" key="characterSetName"></value>
                      <value _ptr_="00000200757F1FE0" type="list" content-type="object" content-struct-name="db.CheckConstraint" key="checks"/>
                      <value type="string" key="collationName"></value>
                      <value type="string" key="datatypeExplicitParams"></value>
                      <value type="string" key="defaultValue"></value>
                      <value type="int" key="defaultValueIsNull">0</value>
                      <value _ptr_="00000200757F15D0" type="list" content-type="string" key="flags"/>
                      <value type="int" key="isNotNull">0</value>
                      <value type="int" key="length">255</value>
                      <value type="int" key="precision">-1</value>
                      <value type="int" key="scale">-1</value>
                      <link type="object" struct-name="db.SimpleDatatype" key="simpleType">com.mysql.rdbms.mysql.datatype.varchar</link>
                      <value type="string" key="comment"></value>
                      <value type="string" key="name">foto</value>
                      <value type="string" key="oldName"></value>
                      <link type="object" struct-name="GrtObject" key="owner">{E57E1324-087B-44A7-BE9F-8385CAAD8B34}</link>
                    </value>
                    <value type="object" struct-name="db.mysql.Column" id="{E86DBD81-F976-4E9C-9D15-53C3C20667A0}" struct-checksum="0xba88e21c">
                      <value type="int" key="autoIncrement">0</value>
                      <value type="string" key="expression"></value>
                      <value type="int" key="generated">0</value>
                      <value type="string" key="generatedStorage"></value>
                      <value type="string" key="characterSetName"></value>
                      <value _ptr_="00000200757F1F00" type="list" content-type="object" content-struct-name="db.CheckConstraint" key="checks"/>
                      <value type="string" key="collationName"></value>
                      <value type="string" key="datatypeExplicitParams"></value>
                      <value type="string" key="defaultValue"></value>
                      <value type="int" key="defaultValueIsNull">0</value>
                      <value _ptr_="00000200757F2D70" type="list" content-type="string" key="flags"/>
                      <value type="int" key="isNotNull">1</value>
                      <value type="int" key="length">-1</value>
                      <value type="int" key="precision">-1</value>
                      <value type="int" key="scale">-1</value>
                      <link type="object" struct-name="db.SimpleDatatype" key="simpleType">com.mysql.rdbms.mysql.datatype.date</link>
                      <value type="string" key="comment"></value>
                      <value type="string" key="name">data</value>
                      <value type="string" key="oldName"></value>
                      <link type="object" struct-name="GrtObject" key="owner">{E57E1324-087B-44A7-BE9F-8385CAAD8B34}</link>
                    </value>
                    <value type="object" struct-name="db.mysql.Column" id="{BF10BECB-45A8-45DD-882C-9D560A94427D}" struct-checksum="0xba88e21c">
                      <value type="int" key="autoIncrement">0</value>
                      <value type="string" key="expression"></value>
                      <value type="int" key="generated">0</value>
                      <value type="string" key="generatedStorage"></value>
                      <value type="string" key="characterSetName"></value>
                      <value _ptr_="00000200757F1A30" type="list" content-type="object" content-struct-name="db.CheckConstraint" key="checks"/>
                      <value type="string" key="collationName"></value>
                      <value type="string" key="datatypeExplicitParams"></value>
                      <value type="string" key="defaultValue"></value>
                      <value type="int" key="defaultValueIsNull">0</value>
                      <value _ptr_="00000200757F1640" type="list" content-type="string" key="flags"/>
                      <value type="int" key="isNotNull">1</value>
                      <value type="int" key="length">-1</value>
                      <value type="int" key="precision">-1</value>
                      <value type="int" key="scale">-1</value>
                      <link type="object" struct-name="db.SimpleDatatype" key="simpleType">com.mysql.rdbms.mysql.datatype.bigint</link>
                      <value type="string" key="comment"></value>
                      <value type="string" key="name">tb_tema_id</value>
                      <value type="string" key="oldName">tb_tema_id</value>
                      <link type="object" struct-name="GrtObject" key="owner">{E57E1324-087B-44A7-BE9F-8385CAAD8B34}</link>
                    </value>
                    <value type="object" struct-name="db.mysql.Column" id="{A7D6C9CF-0520-49BC-B7CE-73561924B6FB}" struct-checksum="0xba88e21c">
                      <value type="int" key="autoIncrement">0</value>
                      <value type="string" key="expression"></value>
                      <value type="int" key="generated">0</value>
                      <value type="string" key="generatedStorage"></value>
                      <value type="string" key="characterSetName"></value>
                      <value _ptr_="00000200757F1F70" type="list" content-type="object" content-struct-name="db.CheckConstraint" key="checks"/>
                      <value type="string" key="collationName"></value>
                      <value type="string" key="datatypeExplicitParams"></value>
                      <value type="string" key="defaultValue"></value>
                      <value type="int" key="defaultValueIsNull">0</value>
                      <value _ptr_="00000200757F1790" type="list" content-type="string" key="flags"/>
                      <value type="int" key="isNotNull">1</value>
                      <value type="int" key="length">-1</value>
                      <value type="int" key="precision">-1</value>
                      <value type="int" key="scale">-1</value>
                      <link type="object" struct-name="db.SimpleDatatype" key="simpleType">com.mysql.rdbms.mysql.datatype.bigint</link>
                      <value type="string" key="comment"></value>
                      <value type="string" key="name">tb_usuario_id</value>
                      <value type="string" key="oldName">tb_usuario_id</value>
                      <link type="object" struct-name="GrtObject" key="owner">{E57E1324-087B-44A7-BE9F-8385CAAD8B34}</link>
                    </value>
                  </value>
                  <value type="string" key="connectionString"></value>
                  <value type="string" key="defaultCharacterSetName"></value>
                  <value type="string" key="defaultCollationName"></value>
                  <value type="int" key="delayKeyWrite">0</value>
                  <value _ptr_="00000200757F1950" type="list" content-type="object" content-struct-name="db.mysql.ForeignKey" key="foreignKeys">
                    <value type="object" struct-name="db.mysql.ForeignKey" id="{18207553-292E-40DB-9B26-016D1AF5FCA5}" struct-checksum="0x70a8fc40">
                      <link type="object" struct-name="db.mysql.Table" key="referencedTable">{C733131C-0078-4011-B6C8-B060F7D9F2BF}</link>
                      <value _ptr_="00000200757F18E0" type="list" content-type="object" content-struct-name="db.Column" key="columns">
                        <link type="object">{BF10BECB-45A8-45DD-882C-9D560A94427D}</link>
                      </value>
                      <value _ptr_="00000200759E6490" type="dict" key="customData"/>
                      <value type="int" key="deferability">0</value>
                      <value type="string" key="deleteRule">NO ACTION</value>
                      <link type="object" struct-name="db.Index" key="index">{260AE8DC-692A-4C45-92AC-16CE3354DB05}</link>
                      <value type="int" key="mandatory">1</value>
                      <value type="int" key="many">1</value>
                      <value type="int" key="modelOnly">0</value>
                      <link type="object" struct-name="db.Table" key="owner">{E57E1324-087B-44A7-BE9F-8385CAAD8B34}</link>
                      <value _ptr_="00000200757F2520" type="list" content-type="object" content-struct-name="db.Column" key="referencedColumns">
                        <link type="object">{0E36DB73-A9EE-4FA8-B6FF-C825FE0FFB3F}</link>
                      </value>
                      <value type="int" key="referencedMandatory">1</value>
                      <value type="string" key="updateRule">NO ACTION</value>
                      <value type="string" key="comment"></value>
                      <value type="string" key="name">fk_tb_postagem_tb_tema</value>
                      <value type="string" key="oldName">fk_tb_postagem_tb_tema</value>
                    </value>
                    <value type="object" struct-name="db.mysql.ForeignKey" id="{5EB52925-51A3-42E6-BAF8-7216A834A2C0}" struct-checksum="0x70a8fc40">
                      <link type="object" struct-name="db.mysql.Table" key="referencedTable">{03EE5434-350B-4C4C-8906-5F987F734DF5}</link>
                      <value _ptr_="00000200757F28A0" type="list" content-type="object" content-struct-name="db.Column" key="columns">
                        <link type="object">{A7D6C9CF-0520-49BC-B7CE-73561924B6FB}</link>
                      </value>
                      <value _ptr_="00000200759E5830" type="dict" key="customData"/>
                      <value type="int" key="deferability">0</value>
                      <value type="string" key="deleteRule">NO ACTION</value>
                      <link type="object" struct-name="db.Index" key="index">{1CC94F6C-2DD2-4AD4-8380-7EF4E5AB5041}</link>
                      <value type="int" key="mandatory">1</value>
                      <value type="int" key="many">1</value>
                      <value type="int" key="modelOnly">0</value>
                      <link type="object" struct-name="db.Table" key="owner">{E57E1324-087B-44A7-BE9F-8385CAAD8B34}</link>
                      <value _ptr_="00000200757F2750" type="list" content-type="object" content-struct-name="db.Column" key="referencedColumns">
                        <link type="object">{BAD9D39B-D2A3-4439-9610-290C46BC2FD7}</link>
                      </value>
                      <value type="int" key="referencedMandatory">1</value>
                      <value type="string" key="updateRule">NO ACTION</value>
                      <value type="string" key="comment"></value>
                      <value type="string" key="name">fk_tb_postagem_tb_usuario1</value>
                      <value type="string" key="oldName">fk_tb_postagem_tb_usuario1</value>
                    </value>
                  </value>
                  <value _ptr_="00000200757F1720" type="list" content-type="object" content-struct-name="db.mysql.Index" key="indices">
                    <value type="object" struct-name="db.mysql.Index" id="{84DD08D2-D01C-4924-9272-452577A0D998}" struct-checksum="0xdb1989cd">
                      <value type="string" key="algorithm"></value>
                      <value _ptr_="00000200757F2F30" type="list" content-type="object" content-struct-name="db.mysql.IndexColumn" key="columns">
                        <value type="object" struct-name="db.mysql.IndexColumn" id="{AC0B2860-BA94-41E8-B96B-6281568B2B51}" struct-checksum="0x62630b3c">
                          <value type="int" key="columnLength">0</value>
                          <value type="string" key="comment"></value>
                          <value type="int" key="descend">0</value>
                          <value type="string" key="expression"></value>
                          <link type="object" struct-name="db.Column" key="referencedColumn">{387C7443-497C-42CE-AD38-A8B09422D645}</link>
                          <value type="string" key="name"></value>
                          <link type="object" struct-name="GrtObject" key="owner">{84DD08D2-D01C-4924-9272-452577A0D998}</link>
                        </value>
                      </value>
                      <value type="string" key="indexKind"></value>
                      <value type="int" key="keyBlockSize">0</value>
                      <value type="string" key="lockOption"></value>
                      <value type="int" key="visible">1</value>
                      <value type="string" key="withParser"></value>
                      <value type="string" key="comment"></value>
                      <value type="int" key="deferability">0</value>
                      <value type="string" key="indexType">PRIMARY</value>
                      <value type="int" key="isPrimary">1</value>
                      <value type="string" key="name">PRIMARY</value>
                      <value type="int" key="unique">0</value>
                      <value type="int" key="commentedOut">0</value>
                      <value type="string" key="createDate"></value>
                      <value _ptr_="00000200759E6A30" type="dict" key="customData"/>
                      <value type="string" key="lastChangeDate"></value>
                      <value type="int" key="modelOnly">0</value>
                      <link type="object" struct-name="GrtNamedObject" key="owner">{E57E1324-087B-44A7-BE9F-8385CAAD8B34}</link>
                      <value type="string" key="temp_sql"></value>
                      <value type="string" key="oldName">PRIMARY</value>
                    </value>
                    <value type="object" struct-name="db.mysql.Index" id="{260AE8DC-692A-4C45-92AC-16CE3354DB05}" struct-checksum="0xdb1989cd">
                      <value type="string" key="algorithm"></value>
                      <value _ptr_="00000200757F2670" type="list" content-type="object" content-struct-name="db.mysql.IndexColumn" key="columns">
                        <value type="object" struct-name="db.mysql.IndexColumn" id="{2BC61EDF-4DFE-4A48-AF03-BC0FDBDF727D}" struct-checksum="0x62630b3c">
                          <value type="int" key="columnLength">0</value>
                          <value type="string" key="comment"></value>
                          <value type="int" key="descend">0</value>
                          <value type="string" key="expression"></value>
                          <link type="object" struct-name="db.Column" key="referencedColumn">{BF10BECB-45A8-45DD-882C-9D560A94427D}</link>
                          <value type="string" key="name"></value>
                          <link type="object" struct-name="GrtObject" key="owner">{260AE8DC-692A-4C45-92AC-16CE3354DB05}</link>
                        </value>
                      </value>
                      <value type="string" key="indexKind"></value>
                      <value type="int" key="keyBlockSize">0</value>
                      <value type="string" key="lockOption"></value>
                      <value type="int" key="visible">1</value>
                      <value type="string" key="withParser"></value>
                      <value type="string" key="comment"></value>
                      <value type="int" key="deferability">0</value>
                      <value type="string" key="indexType">INDEX</value>
                      <value type="int" key="isPrimary">0</value>
                      <value type="string" key="name">fk_tb_postagem_tb_tema_idx</value>
                      <value type="int" key="unique">0</value>
                      <value type="int" key="commentedOut">0</value>
                      <value type="string" key="createDate"></value>
                      <value _ptr_="00000200759E7D50" type="dict" key="customData"/>
                      <value type="string" key="lastChangeDate"></value>
                      <value type="int" key="modelOnly">0</value>
                      <link type="object" struct-name="GrtNamedObject" key="owner">{E57E1324-087B-44A7-BE9F-8385CAAD8B34}</link>
                      <value type="string" key="temp_sql"></value>
                      <value type="string" key="oldName">fk_tb_postagem_tb_tema</value>
                    </value>
                    <value type="object" struct-name="db.mysql.Index" id="{1CC94F6C-2DD2-4AD4-8380-7EF4E5AB5041}" struct-checksum="0xdb1989cd">
                      <value type="string" key="algorithm"></value>
                      <value _ptr_="00000200757F1800" type="list" content-type="object" content-struct-name="db.mysql.IndexColumn" key="columns">
                        <value type="object" struct-name="db.mysql.IndexColumn" id="{0C6D96BE-CB0B-4A39-AA08-E02BCFDC4119}" struct-checksum="0x62630b3c">
                          <value type="int" key="columnLength">0</value>
                          <value type="string" key="comment"></value>
                          <value type="int" key="descend">0</value>
                          <value type="string" key="expression"></value>
                          <link type="object" struct-name="db.Column" key="referencedColumn">{A7D6C9CF-0520-49BC-B7CE-73561924B6FB}</link>
                          <value type="string" key="name"></value>
                          <link type="object" struct-name="GrtObject" key="owner">{1CC94F6C-2DD2-4AD4-8380-7EF4E5AB5041}</link>
                        </value>
                      </value>
                      <value type="string" key="indexKind"></value>
                      <value type="int" key="keyBlockSize">0</value>
                      <value type="string" key="lockOption"></value>
                      <value type="int" key="visible">1</value>
                      <value type="string" key="withParser"></value>
                      <value type="string" key="comment"></value>
                      <value type="int" key="deferability">0</value>
                      <value type="string" key="indexType">INDEX</value>
                      <value type="int" key="isPrimary">0</value>
                      <value type="string" key="name">fk_tb_postagem_tb_usuario1_idx</value>
                      <value type="int" key="unique">0</value>
                      <value type="int" key="commentedOut">0</value>
                      <value type="string" key="createDate"></value>
                      <value _ptr_="00000200759E6CD0" type="dict" key="customData"/>
                      <value type="string" key="lastChangeDate"></value>
                      <value type="int" key="modelOnly">0</value>
                      <link type="object" struct-name="GrtNamedObject" key="owner">{E57E1324-087B-44A7-BE9F-8385CAAD8B34}</link>
                      <value type="string" key="temp_sql"></value>
                      <value type="string" key="oldName">fk_tb_postagem_tb_usuario1</value>
                    </value>
                  </value>
                  <value type="string" key="keyBlockSize"></value>
                  <value type="string" key="maxRows"></value>
                  <value type="string" key="mergeInsert"></value>
                  <value type="string" key="mergeUnion"></value>
                  <value type="string" key="minRows"></value>
                  <value type="string" key="nextAutoInc"></value>
                  <value type="string" key="packKeys"></value>
                  <value type="int" key="partitionCount">0</value>
                  <value _ptr_="00000200757F2C90" type="list" content-type="object" content-struct-name="db.mysql.PartitionDefinition" key="partitionDefinitions"/>
                  <value type="string" key="partitionExpression"></value>
                  <value type="int" key="partitionKeyAlgorithm">0</value>
                  <value type="string" key="partitionType"></value>
                  <value type="string" key="password"></value>
                  <link type="object" struct-name="db.mysql.Index" key="primaryKey">{84DD08D2-D01C-4924-9272-452577A0D998}</link>
                  <value type="string" key="raidChunkSize"></value>
                  <value type="string" key="raidChunks"></value>
                  <value type="string" key="raidType"></value>
                  <value type="string" key="rowFormat"></value>
                  <value type="string" key="statsAutoRecalc"></value>
                  <value type="string" key="statsPersistent"></value>
                  <value type="int" key="statsSamplePages">0</value>
                  <value type="int" key="subpartitionCount">0</value>
                  <value type="string" key="subpartitionExpression"></value>
                  <value type="int" key="subpartitionKeyAlgorithm">0</value>
                  <value type="string" key="subpartitionType"></value>
                  <value type="string" key="tableDataDir"></value>
                  <value type="string" key="tableEngine">InnoDB</value>
                  <value type="string" key="tableIndexDir"></value>
                  <value type="string" key="tableSpace"></value>
                  <value _ptr_="00000200757F19C0" type="list" content-type="object" content-struct-name="db.mysql.Trigger" key="triggers"/>
                  <value type="int" key="isStub">0</value>
                  <value type="int" key="isSystem">0</value>
                  <value type="int" key="isTemporary">0</value>
                  <value type="string" key="temporaryScope"></value>
                  <value type="int" key="commentedOut">0</value>
                  <value type="string" key="createDate">2022-07-28 09:29</value>
                  <value _ptr_="00000200759E5CB0" type="dict" key="customData"/>
                  <value type="string" key="lastChangeDate">2022-07-28 09:48</value>
                  <value type="int" key="modelOnly">0</value>
                  <value type="string" key="name">tb_postagem</value>
                  <link type="object" struct-name="GrtNamedObject" key="owner">{FF9F92AF-36FC-4A74-B03E-D9C9DB727381}</link>
                  <value type="string" key="temp_sql"></value>
                  <value type="string" key="comment"></value>
                  <value type="string" key="oldName"></value>
                </value>
                <value type="object" struct-name="db.mysql.Table" id="{C733131C-0078-4011-B6C8-B060F7D9F2BF}" struct-checksum="0x4564421a">
                  <value type="string" key="avgRowLength"></value>
                  <value type="int" key="checksum">0</value>
                  <value _ptr_="00000200757F1B10" type="list" content-type="object" content-struct-name="db.mysql.Column" key="columns">
                    <value type="object" struct-name="db.mysql.Column" id="{0E36DB73-A9EE-4FA8-B6FF-C825FE0FFB3F}" struct-checksum="0xba88e21c">
                      <value type="int" key="autoIncrement">1</value>
                      <value type="string" key="expression"></value>
                      <value type="int" key="generated">0</value>
                      <value type="string" key="generatedStorage"></value>
                      <value type="string" key="characterSetName"></value>
                      <value _ptr_="00000200757F2A60" type="list" content-type="object" content-struct-name="db.CheckConstraint" key="checks"/>
                      <value type="string" key="collationName"></value>
                      <value type="string" key="datatypeExplicitParams"></value>
                      <value type="string" key="defaultValue"></value>
                      <value type="int" key="defaultValueIsNull">0</value>
                      <value _ptr_="00000200757F24B0" type="list" content-type="string" key="flags"/>
                      <value type="int" key="isNotNull">1</value>
                      <value type="int" key="length">-1</value>
                      <value type="int" key="precision">-1</value>
                      <value type="int" key="scale">-1</value>
                      <link type="object" struct-name="db.SimpleDatatype" key="simpleType">com.mysql.rdbms.mysql.datatype.bigint</link>
                      <value type="string" key="comment"></value>
                      <value type="string" key="name">id</value>
                      <value type="string" key="oldName"></value>
                      <link type="object" struct-name="GrtObject" key="owner">{C733131C-0078-4011-B6C8-B060F7D9F2BF}</link>
                    </value>
                    <value type="object" struct-name="db.mysql.Column" id="{9A9CDC41-76A6-4BCE-B60B-0B264A7EA457}" struct-checksum="0xba88e21c">
                      <value type="int" key="autoIncrement">0</value>
                      <value type="string" key="expression"></value>
                      <value type="int" key="generated">0</value>
                      <value type="string" key="generatedStorage"></value>
                      <value type="string" key="characterSetName"></value>
                      <value _ptr_="00000200757F14F0" type="list" content-type="object" content-struct-name="db.CheckConstraint" key="checks"/>
                      <value type="string" key="collationName"></value>
                      <value type="string" key="datatypeExplicitParams"></value>
                      <value type="string" key="defaultValue"></value>
                      <value type="int" key="defaultValueIsNull">0</value>
                      <value _ptr_="00000200757F2210" type="list" content-type="string" key="flags"/>
                      <value type="int" key="isNotNull">1</value>
                      <value type="int" key="length">255</value>
                      <value type="int" key="precision">-1</value>
                      <value type="int" key="scale">-1</value>
                      <link type="object" struct-name="db.SimpleDatatype" key="simpleType">com.mysql.rdbms.mysql.datatype.varchar</link>
                      <value type="string" key="comment"></value>
                      <value type="string" key="name">titulo</value>
                      <value type="string" key="oldName"></value>
                      <link type="object" struct-name="GrtObject" key="owner">{C733131C-0078-4011-B6C8-B060F7D9F2BF}</link>
                    </value>
                    <value type="object" struct-name="db.mysql.Column" id="{EF0D4E39-76D7-4D0E-9E36-DFA6C242EB98}" struct-checksum="0xba88e21c">
                      <value type="int" key="autoIncrement">0</value>
                      <value type="string" key="expression"></value>
                      <value type="int" key="generated">0</value>
                      <value type="string" key="generatedStorage"></value>
                      <value type="string" key="characterSetName"></value>
                      <value _ptr_="00000200757F2DE0" type="list" content-type="object" content-struct-name="db.CheckConstraint" key="checks"/>
                      <value type="string" key="collationName"></value>
                      <value type="string" key="datatypeExplicitParams"></value>
                      <value type="string" key="defaultValue"></value>
                      <value type="int" key="defaultValueIsNull">0</value>
                      <value _ptr_="00000200757F2E50" type="list" content-type="string" key="flags"/>
                      <value type="int" key="isNotNull">1</value>
                      <value type="int" key="length">255</value>
                      <value type="int" key="precision">-1</value>
                      <value type="int" key="scale">-1</value>
                      <link type="object" struct-name="db.SimpleDatatype" key="simpleType">com.mysql.rdbms.mysql.datatype.varchar</link>
                      <value type="string" key="comment"></value>
                      <value type="string" key="name">descricao</value>
                      <value type="string" key="oldName"></value>
                      <link type="object" struct-name="GrtObject" key="owner">{C733131C-0078-4011-B6C8-B060F7D9F2BF}</link>
                    </value>
                  </value>
                  <value type="string" key="connectionString"></value>
                  <value type="string" key="defaultCharacterSetName"></value>
                  <value type="string" key="defaultCollationName"></value>
                  <value type="int" key="delayKeyWrite">0</value>
                  <value _ptr_="00000200757F3080" type="list" content-type="object" content-struct-name="db.mysql.ForeignKey" key="foreignKeys"/>
                  <value _ptr_="00000200757F2910" type="list" content-type="object" content-struct-name="db.mysql.Index" key="indices">
                    <value type="object" struct-name="db.mysql.Index" id="{7593EA40-2180-4171-B108-F20769A579AD}" struct-checksum="0xdb1989cd">
                      <value type="string" key="algorithm"></value>
                      <value _ptr_="00000200757F29F0" type="list" content-type="object" content-struct-name="db.mysql.IndexColumn" key="columns">
                        <value type="object" struct-name="db.mysql.IndexColumn" id="{23E5D812-ECB1-4132-ADF8-4745D35E5A7B}" struct-checksum="0x62630b3c">
                          <value type="int" key="columnLength">0</value>
                          <value type="string" key="comment"></value>
                          <value type="int" key="descend">0</value>
                          <value type="string" key="expression"></value>
                          <link type="object" struct-name="db.Column" key="referencedColumn">{0E36DB73-A9EE-4FA8-B6FF-C825FE0FFB3F}</link>
                          <value type="string" key="name"></value>
                          <link type="object" struct-name="GrtObject" key="owner">{7593EA40-2180-4171-B108-F20769A579AD}</link>
                        </value>
                      </value>
                      <value type="string" key="indexKind"></value>
                      <value type="int" key="keyBlockSize">0</value>
                      <value type="string" key="lockOption"></value>
                      <value type="int" key="visible">1</value>
                      <value type="string" key="withParser"></value>
                      <value type="string" key="comment"></value>
                      <value type="int" key="deferability">0</value>
                      <value type="string" key="indexType">PRIMARY</value>
                      <value type="int" key="isPrimary">1</value>
                      <value type="string" key="name">PRIMARY</value>
                      <value type="int" key="unique">0</value>
                      <value type="int" key="commentedOut">0</value>
                      <value type="string" key="createDate"></value>
                      <value _ptr_="00000200759E6F10" type="dict" key="customData"/>
                      <value type="string" key="lastChangeDate"></value>
                      <value type="int" key="modelOnly">0</value>
                      <link type="object" struct-name="GrtNamedObject" key="owner">{C733131C-0078-4011-B6C8-B060F7D9F2BF}</link>
                      <value type="string" key="temp_sql"></value>
                      <value type="string" key="oldName">PRIMARY</value>
                    </value>
                  </value>
                  <value type="string" key="keyBlockSize"></value>
                  <value type="string" key="maxRows"></value>
                  <value type="string" key="mergeInsert"></value>
                  <value type="string" key="mergeUnion"></value>
                  <value type="string" key="minRows"></value>
                  <value type="string" key="nextAutoInc"></value>
                  <value type="string" key="packKeys"></value>
                  <value type="int" key="partitionCount">0</value>
                  <value _ptr_="00000200757F2440" type="list" content-type="object" content-struct-name="db.mysql.PartitionDefinition" key="partitionDefinitions"/>
                  <value type="string" key="partitionExpression"></value>
                  <value type="int" key="partitionKeyAlgorithm">0</value>
                  <value type="string" key="partitionType"></value>
                  <value type="string" key="password"></value>
                  <link type="object" struct-name="db.mysql.Index" key="primaryKey">{7593EA40-2180-4171-B108-F20769A579AD}</link>
                  <value type="string" key="raidChunkSize"></value>
                  <value type="string" key="raidChunks"></value>
                  <value type="string" key="raidType"></value>
                  <value type="string" key="rowFormat"></value>
                  <value type="string" key="statsAutoRecalc"></value>
                  <value type="string" key="statsPersistent"></value>
                  <value type="int" key="statsSamplePages">0</value>
                  <value type="int" key="subpartitionCount">0</value>
                  <value type="string" key="subpartitionExpression"></value>
                  <value type="int" key="subpartitionKeyAlgorithm">0</value>
                  <value type="string" key="subpartitionType"></value>
                  <value type="string" key="tableDataDir"></value>
                  <value type="string" key="tableEngine">InnoDB</value>
                  <value type="string" key="tableIndexDir"></value>
                  <value type="string" key="tableSpace"></value>
                  <value _ptr_="00000200757F16B0" type="list" content-type="object" content-struct-name="db.mysql.Trigger" key="triggers"/>
                  <value type="int" key="isStub">0</value>
                  <value type="int" key="isSystem">0</value>
                  <value type="int" key="isTemporary">0</value>
                  <value type="string" key="temporaryScope"></value>
                  <value type="int" key="commentedOut">0</value>
                  <value type="string" key="createDate">2022-07-28 09:29</value>
                  <value _ptr_="00000200759E7030" type="dict" key="customData"/>
                  <value type="string" key="lastChangeDate">2022-07-28 09:42</value>
                  <value type="int" key="modelOnly">0</value>
                  <value type="string" key="name">tb_tema</value>
                  <link type="object" struct-name="GrtNamedObject" key="owner">{FF9F92AF-36FC-4A74-B03E-D9C9DB727381}</link>
                  <value type="string" key="temp_sql"></value>
                  <value type="string" key="comment"></value>
                  <value type="string" key="oldName"></value>
                </value>
                <value type="object" struct-name="db.mysql.Table" id="{03EE5434-350B-4C4C-8906-5F987F734DF5}" struct-checksum="0x4564421a">
                  <value type="string" key="avgRowLength"></value>
                  <value type="int" key="checksum">0</value>
                  <value _ptr_="00000200757F2BB0" type="list" content-type="object" content-struct-name="db.mysql.Column" key="columns">
                    <value type="object" struct-name="db.mysql.Column" id="{BAD9D39B-D2A3-4439-9610-290C46BC2FD7}" struct-checksum="0xba88e21c">
                      <value type="int" key="autoIncrement">1</value>
                      <value type="string" key="expression"></value>
                      <value type="int" key="generated">0</value>
                      <value type="string" key="generatedStorage"></value>
                      <value type="string" key="characterSetName"></value>
                      <value _ptr_="00000200757F2600" type="list" content-type="object" content-struct-name="db.CheckConstraint" key="checks"/>
                      <value type="string" key="collationName"></value>
                      <value type="string" key="datatypeExplicitParams"></value>
                      <value type="string" key="defaultValue"></value>
                      <value type="int" key="defaultValueIsNull">0</value>
                      <value _ptr_="00000200757F2C20" type="list" content-type="string" key="flags"/>
                      <value type="int" key="isNotNull">1</value>
                      <value type="int" key="length">-1</value>
                      <value type="int" key="precision">-1</value>
                      <value type="int" key="scale">-1</value>
                      <link type="object" struct-name="db.SimpleDatatype" key="simpleType">com.mysql.rdbms.mysql.datatype.bigint</link>
                      <value type="string" key="comment"></value>
                      <value type="string" key="name">id</value>
                      <value type="string" key="oldName"></value>
                      <link type="object" struct-name="GrtObject" key="owner">{03EE5434-350B-4C4C-8906-5F987F734DF5}</link>
                    </value>
                    <value type="object" struct-name="db.mysql.Column" id="{DE48F7A5-5EAA-4A38-9644-E8D99AEE517F}" struct-checksum="0xba88e21c">
                      <value type="int" key="autoIncrement">0</value>
                      <value type="string" key="expression"></value>
                      <value type="int" key="generated">0</value>
                      <value type="string" key="generatedStorage"></value>
                      <value type="string" key="characterSetName"></value>
                      <value _ptr_="00000200757F2EC0" type="list" content-type="object" content-struct-name="db.CheckConstraint" key="checks"/>
                      <value type="string" key="collationName"></value>
                      <value type="string" key="datatypeExplicitParams"></value>
                      <value type="string" key="defaultValue"></value>
                      <value type="int" key="defaultValueIsNull">0</value>
                      <value _ptr_="00000200757F2050" type="list" content-type="string" key="flags"/>
                      <value type="int" key="isNotNull">1</value>
                      <value type="int" key="length">255</value>
                      <value type="int" key="precision">-1</value>
                      <value type="int" key="scale">-1</value>
                      <link type="object" struct-name="db.SimpleDatatype" key="simpleType">com.mysql.rdbms.mysql.datatype.varchar</link>
                      <value type="string" key="comment"></value>
                      <value type="string" key="name">nome</value>
                      <value type="string" key="oldName"></value>
                      <link type="object" struct-name="GrtObject" key="owner">{03EE5434-350B-4C4C-8906-5F987F734DF5}</link>
                    </value>
                    <value type="object" struct-name="db.mysql.Column" id="{7D809969-9C14-459B-B8CD-45926F4879F8}" struct-checksum="0xba88e21c">
                      <value type="int" key="autoIncrement">0</value>
                      <value type="string" key="expression"></value>
                      <value type="int" key="generated">0</value>
                      <value type="string" key="generatedStorage"></value>
                      <value type="string" key="characterSetName"></value>
                      <value _ptr_="00000200757F20C0" type="list" content-type="object" content-struct-name="db.CheckConstraint" key="checks"/>
                      <value type="string" key="collationName"></value>
                      <value type="string" key="datatypeExplicitParams"></value>
                      <value type="string" key="defaultValue"></value>
                      <value type="int" key="defaultValueIsNull">0</value>
                      <value _ptr_="00000200757F2130" type="list" content-type="string" key="flags"/>
                      <value type="int" key="isNotNull">1</value>
                      <value type="int" key="length">255</value>
                      <value type="int" key="precision">-1</value>
                      <value type="int" key="scale">-1</value>
                      <link type="object" struct-name="db.SimpleDatatype" key="simpleType">com.mysql.rdbms.mysql.datatype.varchar</link>
                      <value type="string" key="comment"></value>
                      <value type="string" key="name">usuario</value>
                      <value type="string" key="oldName"></value>
                      <link type="object" struct-name="GrtObject" key="owner">{03EE5434-350B-4C4C-8906-5F987F734DF5}</link>
                    </value>
                    <value type="object" struct-name="db.mysql.Column" id="{3A8F1E80-6633-4FA6-9487-5CBBE882E0FA}" struct-checksum="0xba88e21c">
                      <value type="int" key="autoIncrement">0</value>
                      <value type="string" key="expression"></value>
                      <value type="int" key="generated">0</value>
                      <value type="string" key="generatedStorage"></value>
                      <value type="string" key="characterSetName"></value>
                      <value _ptr_="00000200757F1B80" type="list" content-type="object" content-struct-name="db.CheckConstraint" key="checks"/>
                      <value type="string" key="collationName"></value>
                      <value type="string" key="datatypeExplicitParams"></value>
                      <value type="string" key="defaultValue"></value>
                      <value type="int" key="defaultValueIsNull">0</value>
                      <value _ptr_="00000200757F26E0" type="list" content-type="string" key="flags"/>
                      <value type="int" key="isNotNull">1</value>
                      <value type="int" key="length">255</value>
                      <value type="int" key="precision">-1</value>
                      <value type="int" key="scale">-1</value>
                      <link type="object" struct-name="db.SimpleDatatype" key="simpleType">com.mysql.rdbms.mysql.datatype.varchar</link>
                      <value type="string" key="comment"></value>
                      <value type="string" key="name">senha</value>
                      <value type="string" key="oldName"></value>
                      <link type="object" struct-name="GrtObject" key="owner">{03EE5434-350B-4C4C-8906-5F987F734DF5}</link>
                    </value>
                    <value type="object" struct-name="db.mysql.Column" id="{9F11F63F-CC02-4931-9D91-AEA156A87E78}" struct-checksum="0xba88e21c">
                      <value type="int" key="autoIncrement">0</value>
                      <value type="string" key="expression"></value>
                      <value type="int" key="generated">0</value>
                      <value type="string" key="generatedStorage"></value>
                      <value type="string" key="characterSetName"></value>
                      <value _ptr_="00000200757F2FA0" type="list" content-type="object" content-struct-name="db.CheckConstraint" key="checks"/>
                      <value type="string" key="collationName"></value>
                      <value type="string" key="datatypeExplicitParams"></value>
                      <value type="string" key="defaultValue"></value>
                      <value type="int" key="defaultValueIsNull">0</value>
                      <value _ptr_="00000200757F21A0" type="list" content-type="string" key="flags"/>
                      <value type="int" key="isNotNull">0</value>
                      <value type="int" key="length">255</value>
                      <value type="int" key="precision">-1</value>
                      <value type="int" key="scale">-1</value>
                      <link type="object" struct-name="db.SimpleDatatype" key="simpleType">com.mysql.rdbms.mysql.datatype.varchar</link>
                      <value type="string" key="comment"></value>
                      <value type="string" key="name">foto</value>
                      <value type="string" key="oldName"></value>
                      <link type="object" struct-name="GrtObject" key="owner">{03EE5434-350B-4C4C-8906-5F987F734DF5}</link>
                    </value>
                  </value>
                  <value type="string" key="connectionString"></value>
                  <value type="string" key="defaultCharacterSetName"></value>
                  <value type="string" key="defaultCollationName"></value>
                  <value type="int" key="delayKeyWrite">0</value>
                  <value _ptr_="00000200757F1870" type="list" content-type="object" content-struct-name="db.mysql.ForeignKey" key="foreignKeys"/>
                  <value _ptr_="00000200757F1AA0" type="list" content-type="object" content-struct-name="db.mysql.Index" key="indices">
                    <value type="object" struct-name="db.mysql.Index" id="{755C9425-536E-4952-B222-5FE7D7495CD8}" struct-checksum="0xdb1989cd">
                      <value type="string" key="algorithm"></value>
                      <value _ptr_="00000200757F1D40" type="list" content-type="object" content-struct-name="db.mysql.IndexColumn" key="columns">
                        <value type="object" struct-name="db.mysql.IndexColumn" id="{19E971F0-0278-4BB0-9924-17B88E9DFB1A}" struct-checksum="0x62630b3c">
                          <value type="int" key="columnLength">0</value>
                          <value type="string" key="comment"></value>
                          <value type="int" key="descend">0</value>
                          <value type="string" key="expression"></value>
                          <link type="object" struct-name="db.Column" key="referencedColumn">{BAD9D39B-D2A3-4439-9610-290C46BC2FD7}</link>
                          <value type="string" key="name"></value>
                          <link type="object" struct-name="GrtObject" key="owner">{755C9425-536E-4952-B222-5FE7D7495CD8}</link>
                        </value>
                      </value>
                      <value type="string" key="indexKind"></value>
                      <value type="int" key="keyBlockSize">0</value>
                      <value type="string" key="lockOption"></value>
                      <value type="int" key="visible">1</value>
                      <value type="string" key="withParser"></value>
                      <value type="string" key="comment"></value>
                      <value type="int" key="deferability">0</value>
                      <value type="string" key="indexType">PRIMARY</value>
                      <value type="int" key="isPrimary">1</value>
                      <value type="string" key="name">PRIMARY</value>
                      <value type="int" key="unique">0</value>
                      <value type="int" key="commentedOut">0</value>
                      <value type="string" key="createDate"></value>
                      <value _ptr_="00000200759E7ED0" type="dict" key="customData"/>
                      <value type="string" key="lastChangeDate"></value>
                      <value type="int" key="modelOnly">0</value>
                      <link type="object" struct-name="GrtNamedObject" key="owner">{03EE5434-350B-4C4C-8906-5F987F734DF5}</link>
                      <value type="string" key="temp_sql"></value>
                      <value type="string" key="oldName">PRIMARY</value>
                    </value>
                  </value>
                  <value type="string" key="keyBlockSize"></value>
                  <value type="string" key="maxRows"></value>
                  <value type="string" key="mergeInsert"></value>
                  <value type="string" key="mergeUnion"></value>
                  <value type="string" key="minRows"></value>
                  <value type="string" key="nextAutoInc"></value>
                  <value type="string" key="packKeys"></value>
                  <value type="int" key="partitionCount">0</value>
                  <value _ptr_="00000200757F2280" type="list" content-type="object" content-struct-name="db.mysql.PartitionDefinition" key="partitionDefinitions"/>
                  <value type="string" key="partitionExpression"></value>
                  <value type="int" key="partitionKeyAlgorithm">0</value>
                  <value type="string" key="partitionType"></value>
                  <value type="string" key="password"></value>
                  <link type="object" struct-name="db.mysql.Index" key="primaryKey">{755C9425-536E-4952-B222-5FE7D7495CD8}</link>
                  <value type="string" key="raidChunkSize"></value>
                  <value type="string" key="raidChunks"></value>
                  <value type="string" key="raidType"></value>
                  <value type="string" key="rowFormat"></value>
                  <value type="string" key="statsAutoRecalc"></value>
                  <value type="string" key="statsPersistent"></value>
                  <value type="int" key="statsSamplePages">0</value>
                  <value type="int" key="subpartitionCount">0</value>
                  <value type="string" key="subpartitionExpression"></value>
                  <value type="int" key="subpartitionKeyAlgorithm">0</value>
                  <value type="string" key="subpartitionType"></value>
                  <value type="string" key="tableDataDir"></value>
                  <value type="string" key="tableEngine">InnoDB</value>
                  <value type="string" key="tableIndexDir"></value>
                  <value type="string" key="tableSpace"></value>
                  <value _ptr_="00000200757F2590" type="list" content-type="object" content-struct-name="db.mysql.Trigger" key="triggers"/>
                  <value type="int" key="isStub">0</value>
                  <value type="int" key="isSystem">0</value>
                  <value type="int" key="isTemporary">0</value>
                  <value type="string" key="temporaryScope"></value>
                  <value type="int" key="commentedOut">0</value>
                  <value type="string" key="createDate">2022-07-28 09:29</value>
                  <value _ptr_="00000200759E6A90" type="dict" key="customData"/>
                  <value type="string" key="lastChangeDate">2022-07-28 09:53</value>
                  <value type="int" key="modelOnly">0</value>
                  <value type="string" key="name">tb_usuario</value>
                  <link type="object" struct-name="GrtNamedObject" key="owner">{FF9F92AF-36FC-4A74-B03E-D9C9DB727381}</link>
                  <value type="string" key="temp_sql"></value>
                  <value type="string" key="comment"></value>
                  <value type="string" key="oldName"></value>
                </value>
              </value>
              <value _ptr_="00000200757F2AD0" type="list" content-type="object" content-struct-name="db.mysql.View" key="views"/>
              <value type="string" key="defaultCharacterSetName">utf8</value>
              <value type="string" key="defaultCollationName">utf8_general_ci</value>
              <value _ptr_="00000200757EFC70" type="list" content-type="object" content-struct-name="db.Event" key="events"/>
              <value type="int" key="commentedOut">0</value>
              <value type="string" key="createDate"></value>
              <value _ptr_="00000200759E5530" type="dict" key="customData"/>
              <value type="string" key="lastChangeDate">2022-07-28 09:28</value>
              <value type="int" key="modelOnly">0</value>
              <value type="string" key="name">RECiclo_projeto_Generation</value>
              <link type="object" struct-name="GrtNamedObject" key="owner">{918D761C-C458-4A3B-BFD9-E5B493288133}</link>
              <value type="string" key="temp_sql"></value>
              <value type="string" key="comment"></value>
              <value type="string" key="oldName"></value>
            </value>
          </value>
          <value _ptr_="00000200757F1250" type="list" content-type="object" content-struct-name="db.mysql.ServerLink" key="serverLinks"/>
          <value _ptr_="00000200757F0C30" type="list" content-type="object" content-struct-name="db.mysql.Tablespace" key="tablespaces"/>
          <value _ptr_="00000200757F0FB0" type="list" content-type="object" content-struct-name="db.CharacterSet" key="characterSets">
            <link type="object">com.mysql.rdbms.mysql.charset.big5</link>
            <link type="object">com.mysql.rdbms.mysql.charset.dec8</link>
            <link type="object">com.mysql.rdbms.mysql.charset.cp850</link>
            <link type="object">com.mysql.rdbms.mysql.charset.hp8</link>
            <link type="object">com.mysql.rdbms.mysql.charset.koi8r</link>
            <link type="object">com.mysql.rdbms.mysql.charset.latin1</link>
            <link type="object">com.mysql.rdbms.mysql.charset.latin2</link>
            <link type="object">com.mysql.rdbms.mysql.charset.swe7</link>
            <link type="object">com.mysql.rdbms.mysql.charset.ascii</link>
            <link type="object">com.mysql.rdbms.mysql.charset.ujis</link>
            <link type="object">com.mysql.rdbms.mysql.charset.sjis</link>
            <link type="object">com.mysql.rdbms.mysql.charset.hebrew</link>
            <link type="object">com.mysql.rdbms.mysql.charset.tis620</link>
            <link type="object">com.mysql.rdbms.mysql.charset.euckr</link>
            <link type="object">com.mysql.rdbms.mysql.charset.koi8u</link>
            <link type="object">com.mysql.rdbms.mysql.charset.gb18030</link>
            <link type="object">com.mysql.rdbms.mysql.charset.gb2312</link>
            <link type="object">com.mysql.rdbms.mysql.charset.greek</link>
            <link type="object">com.mysql.rdbms.mysql.charset.cp1250</link>
            <link type="object">com.mysql.rdbms.mysql.charset.gbk</link>
            <link type="object">com.mysql.rdbms.mysql.charset.latin5</link>
            <link type="object">com.mysql.rdbms.mysql.charset.asmscii8</link>
            <link type="object">com.mysql.rdbms.mysql.charset.utf8</link>
            <link type="object">com.mysql.rdbms.mysql.charset.ucs2</link>
            <link type="object">com.mysql.rdbms.mysql.charset.cp866</link>
            <link type="object">com.mysql.rdbms.mysql.charset.keybcs2</link>
            <link type="object">com.mysql.rdbms.mysql.charset.macce</link>
            <link type="object">com.mysql.rdbms.mysql.charset.macroman</link>
            <link type="object">com.mysql.rdbms.mysql.charset.cp852</link>
            <link type="object">com.mysql.rdbms.mysql.charset.latin7</link>
            <link type="object">com.mysql.rdbms.mysql.charset.cp1251</link>
            <link type="object">com.mysql.rdbms.mysql.charset.cp1256</link>
            <link type="object">com.mysql.rdbms.mysql.charset.cp1257</link>
            <link type="object">com.mysql.rdbms.mysql.charset.binary</link>
            <link type="object">com.mysql.rdbms.mysql.charset.geostd8</link>
            <link type="object">com.mysql.rdbms.mysql.charset.cp932</link>
            <link type="object">com.mysql.rdbms.mysql.charset.eucjpms</link>
            <link type="object">com.mysql.rdbms.mysql.charset.utf8mb4</link>
            <link type="object">com.mysql.rdbms.mysql.charset.utf16</link>
            <link type="object">com.mysql.rdbms.mysql.charset.utf32</link>
          </value>
          <value _ptr_="00000200759E5D10" type="dict" key="customData"/>
          <value type="string" key="defaultCharacterSetName"></value>
          <value type="string" key="defaultCollationName"></value>
          <link type="object" struct-name="db.Schema" key="defaultSchema">{FF9F92AF-36FC-4A74-B03E-D9C9DB727381}</link>
          <value _ptr_="00000200757F0680" type="list" content-type="object" content-struct-name="db.Role" key="roles">
            <value type="object" struct-name="db.Role" id="{C170651C-F2F3-4F53-BE08-BA1105A46D53}" struct-checksum="0x3cc75502">
              <value _ptr_="00000200757F3010" type="list" content-type="object" content-struct-name="db.Role" key="childRoles"/>
              <value _ptr_="00000200757F2360" type="list" content-type="object" content-struct-name="db.RolePrivilege" key="privileges">
                <value type="object" struct-name="db.RolePrivilege" id="{BE4DFDB7-62C8-4107-A40A-125E81FA02B8}" struct-checksum="0x39cda05d">
                  <value type="string" key="databaseObjectName">**.*</value>
                  <value type="string" key="databaseObjectType">SCHEMA</value>
                  <value _ptr_="00000200757F1BF0" type="list" content-type="string" key="privileges">
                    <value type="string">ALL</value>
                  </value>
                  <value type="string" key="name"></value>
                  <link type="object" struct-name="GrtObject" key="owner">{C170651C-F2F3-4F53-BE08-BA1105A46D53}</link>
                </value>
              </value>
              <value type="int" key="commentedOut">0</value>
              <value type="string" key="createDate"></value>
              <value _ptr_="00000200759E7810" type="dict" key="customData"/>
              <value type="string" key="lastChangeDate"></value>
              <value type="int" key="modelOnly">0</value>
              <value type="string" key="name">owner</value>
              <link type="object" struct-name="GrtNamedObject" key="owner">{918D761C-C458-4A3B-BFD9-E5B493288133}</link>
              <value type="string" key="temp_sql"></value>
              <value type="string" key="comment"></value>
              <value type="string" key="oldName"></value>
            </value>
            <value type="object" struct-name="db.Role" id="{853470C9-D6DC-42D2-8AE1-C153EA890516}" struct-checksum="0x3cc75502">
              <value _ptr_="00000200757F27C0" type="list" content-type="object" content-struct-name="db.Role" key="childRoles"/>
              <value _ptr_="00000200757F1560" type="list" content-type="object" content-struct-name="db.RolePrivilege" key="privileges">
                <value type="object" struct-name="db.RolePrivilege" id="{0B3AF904-1F1F-4C75-AFA5-5A3EF7170786}" struct-checksum="0x39cda05d">
                  <value type="string" key="databaseObjectName">**.*</value>
                  <value type="string" key="databaseObjectType">TABLE</value>
                  <value _ptr_="00000200757F1CD0" type="list" content-type="string" key="privileges">
                    <value type="string">SELECT</value>
                  </value>
                  <value type="string" key="name"></value>
                  <link type="object" struct-name="GrtObject" key="owner">{853470C9-D6DC-42D2-8AE1-C153EA890516}</link>
                </value>
              </value>
              <value type="int" key="commentedOut">0</value>
              <value type="string" key="createDate"></value>
              <value _ptr_="00000200759E7450" type="dict" key="customData"/>
              <value type="string" key="lastChangeDate"></value>
              <value type="int" key="modelOnly">0</value>
              <value type="string" key="name">table.readonly</value>
              <link type="object" struct-name="GrtNamedObject" key="owner">{918D761C-C458-4A3B-BFD9-E5B493288133}</link>
              <value type="string" key="temp_sql"></value>
              <value type="string" key="comment"></value>
              <value type="string" key="oldName"></value>
            </value>
            <value type="object" struct-name="db.Role" id="{A74B4694-7E74-460B-9D70-4F4301157FB4}" struct-checksum="0x3cc75502">
              <value _ptr_="00000200757F1E20" type="list" content-type="object" content-struct-name="db.Role" key="childRoles"/>
              <value _ptr_="00000200757F3A20" type="list" content-type="object" content-struct-name="db.RolePrivilege" key="privileges">
                <value type="object" struct-name="db.RolePrivilege" id="{4E4B372F-DE1D-47F2-992B-032A0ACB87FE}" struct-checksum="0x39cda05d">
                  <value type="string" key="databaseObjectName">**.*</value>
                  <value type="string" key="databaseObjectType">TABLE</value>
                  <value _ptr_="00000200757F3B70" type="list" content-type="string" key="privileges">
                    <value type="string">SELECT</value>
                    <value type="string">INSERT</value>
                    <value type="string">TRIGGER</value>
                  </value>
                  <value type="string" key="name"></value>
                  <link type="object" struct-name="GrtObject" key="owner">{A74B4694-7E74-460B-9D70-4F4301157FB4}</link>
                </value>
              </value>
              <value type="int" key="commentedOut">0</value>
              <value type="string" key="createDate"></value>
              <value _ptr_="00000200759E7F30" type="dict" key="customData"/>
              <value type="string" key="lastChangeDate"></value>
              <value type="int" key="modelOnly">0</value>
              <value type="string" key="name">table.insert</value>
              <link type="object" struct-name="GrtNamedObject" key="owner">{918D761C-C458-4A3B-BFD9-E5B493288133}</link>
              <value type="string" key="temp_sql"></value>
              <value type="string" key="comment"></value>
              <value type="string" key="oldName"></value>
            </value>
            <value type="object" struct-name="db.Role" id="{28F5D018-303D-4891-8805-5273A137E028}" struct-checksum="0x3cc75502">
              <value _ptr_="00000200757F4900" type="list" content-type="object" content-struct-name="db.Role" key="childRoles"/>
              <value _ptr_="00000200757F4890" type="list" content-type="object" content-struct-name="db.RolePrivilege" key="privileges">
                <value type="object" struct-name="db.RolePrivilege" id="{21DCB62C-4533-4CA3-BC48-D3A3A3F55E06}" struct-checksum="0x39cda05d">
                  <value type="string" key="databaseObjectName">**.*</value>
                  <value type="string" key="databaseObjectType">TABLE</value>
                  <value _ptr_="00000200757F3710" type="list" content-type="string" key="privileges">
                    <value type="string">SELECT</value>
                    <value type="string">INSERT</value>
                    <value type="string">TRIGGER</value>
                    <value type="string">UPDATE</value>
                    <value type="string">DELETE</value>
                  </value>
                  <value type="string" key="name"></value>
                  <link type="object" struct-name="GrtObject" key="owner">{28F5D018-303D-4891-8805-5273A137E028}</link>
                </value>
              </value>
              <value type="int" key="commentedOut">0</value>
              <value type="string" key="createDate"></value>
              <value _ptr_="00000200759E6B50" type="dict" key="customData"/>
              <value type="string" key="lastChangeDate"></value>
              <value type="int" key="modelOnly">0</value>
              <value type="string" key="name">table.modify</value>
              <link type="object" struct-name="GrtNamedObject" key="owner">{918D761C-C458-4A3B-BFD9-E5B493288133}</link>
              <value type="string" key="temp_sql"></value>
              <value type="string" key="comment"></value>
              <value type="string" key="oldName"></value>
            </value>
            <value type="object" struct-name="db.Role" id="{AD858249-74E0-42A7-949A-B9D95ABC7369}" struct-checksum="0x3cc75502">
              <value _ptr_="00000200757F31D0" type="list" content-type="object" content-struct-name="db.Role" key="childRoles"/>
              <value _ptr_="00000200757F37F0" type="list" content-type="object" content-struct-name="db.RolePrivilege" key="privileges">
                <value type="object" struct-name="db.RolePrivilege" id="{500AE51B-99C6-4077-B23B-925EBD006AE0}" struct-checksum="0x39cda05d">
                  <value type="string" key="databaseObjectName">**.*</value>
                  <value type="string" key="databaseObjectType">ROUTINE</value>
                  <value _ptr_="00000200757F3A90" type="list" content-type="string" key="privileges">
                    <value type="string">EXECUTE</value>
                  </value>
                  <value type="string" key="name"></value>
                  <link type="object" struct-name="GrtObject" key="owner">{AD858249-74E0-42A7-949A-B9D95ABC7369}</link>
                </value>
              </value>
              <value type="int" key="commentedOut">0</value>
              <value type="string" key="createDate"></value>
              <value _ptr_="00000200759C8070" type="dict" key="customData"/>
              <value type="string" key="lastChangeDate"></value>
              <value type="int" key="modelOnly">0</value>
              <value type="string" key="name">routine.execute</value>
              <link type="object" struct-name="GrtNamedObject" key="owner">{918D761C-C458-4A3B-BFD9-E5B493288133}</link>
              <value type="string" key="temp_sql"></value>
              <value type="string" key="comment"></value>
              <value type="string" key="oldName"></value>
            </value>
          </value>
          <value _ptr_="00000200757F0AE0" type="list" content-type="object" content-struct-name="db.SimpleDatatype" key="simpleDatatypes">
            <link type="object">com.mysql.rdbms.mysql.datatype.tinyint</link>
            <link type="object">com.mysql.rdbms.mysql.datatype.smallint</link>
            <link type="object">com.mysql.rdbms.mysql.datatype.mediumint</link>
            <link type="object">com.mysql.rdbms.mysql.datatype.int</link>
            <link type="object">com.mysql.rdbms.mysql.datatype.bigint</link>
            <link type="object">com.mysql.rdbms.mysql.datatype.float</link>
            <link type="object">com.mysql.rdbms.mysql.datatype.real</link>
            <link type="object">com.mysql.rdbms.mysql.datatype.double</link>
            <link type="object">com.mysql.rdbms.mysql.datatype.decimal</link>
            <link type="object">com.mysql.rdbms.mysql.datatype.char</link>
            <link type="object">com.mysql.rdbms.mysql.datatype.nchar</link>
            <link type="object">com.mysql.rdbms.mysql.datatype.varchar</link>
            <link type="object">com.mysql.rdbms.mysql.datatype.nvarchar</link>
            <link type="object">com.mysql.rdbms.mysql.datatype.binary</link>
            <link type="object">com.mysql.rdbms.mysql.datatype.varbinary</link>
            <link type="object">com.mysql.rdbms.mysql.datatype.tinytext</link>
            <link type="object">com.mysql.rdbms.mysql.datatype.text</link>
            <link type="object">com.mysql.rdbms.mysql.datatype.mediumtext</link>
            <link type="object">com.mysql.rdbms.mysql.datatype.longtext</link>
            <link type="object">com.mysql.rdbms.mysql.datatype.tinyblob</link>
            <link type="object">com.mysql.rdbms.mysql.datatype.blob</link>
            <link type="object">com.mysql.rdbms.mysql.datatype.mediumblob</link>
            <link type="object">com.mysql.rdbms.mysql.datatype.longblob</link>
            <link type="object">com.mysql.rdbms.mysql.datatype.json</link>
            <link type="object">com.mysql.rdbms.mysql.datatype.datetime</link>
            <link type="object">com.mysql.rdbms.mysql.datatype.datetime_f</link>
            <link type="object">com.mysql.rdbms.mysql.datatype.date</link>
            <link type="object">com.mysql.rdbms.mysql.datatype.time</link>
            <link type="object">com.mysql.rdbms.mysql.datatype.time_f</link>
            <link type="object">com.mysql.rdbms.mysql.datatype.year</link>
            <link type="object">com.mysql.rdbms.mysql.datatype.timestamp</link>
            <link type="object">com.mysql.rdbms.mysql.datatype.timestamp_f</link>
            <link type="object">com.mysql.rdbms.mysql.datatype.geometry</link>
            <link type="object">com.mysql.rdbms.mysql.datatype.point</link>
            <link type="object">com.mysql.rdbms.mysql.datatype.linestring</link>
            <link type="object">com.mysql.rdbms.mysql.datatype.polygon</link>
            <link type="object">com.mysql.rdbms.mysql.datatype.geometrycollection</link>
            <link type="object">com.mysql.rdbms.mysql.datatype.multipoint</link>
            <link type="object">com.mysql.rdbms.mysql.datatype.multilinestring</link>
            <link type="object">com.mysql.rdbms.mysql.datatype.multipolygon</link>
            <link type="object">com.mysql.rdbms.mysql.datatype.bit</link>
            <link type="object">com.mysql.rdbms.mysql.datatype.boolean</link>
            <link type="object">com.mysql.rdbms.mysql.datatype.enum</link>
            <link type="object">com.mysql.rdbms.mysql.datatype.set</link>
          </value>
          <value _ptr_="00000200757F1330" type="list" content-type="object" content-struct-name="db.UserDatatype" key="userDatatypes"/>
          <value _ptr_="00000200757F13A0" type="list" content-type="object" content-struct-name="db.User" key="users"/>
          <value type="object" struct-name="GrtVersion" id="{5F4DADF4-7652-44A1-864A-D6AB3529A785}" struct-checksum="0x7aaa4ede" key="version">
            <value type="int" key="buildNumber">-1</value>
            <value type="int" key="majorNumber">8</value>
            <value type="int" key="minorNumber">0</value>
            <value type="int" key="releaseNumber">29</value>
            <value type="int" key="status">0</value>
            <value type="string" key="name">Version</value>
            <link type="object" struct-name="GrtObject" key="owner">{918D761C-C458-4A3B-BFD9-E5B493288133}</link>
          </value>
          <value type="string" key="comment"></value>
          <value type="string" key="name">default</value>
          <value type="string" key="oldName"></value>
          <link type="object" struct-name="GrtObject" key="owner">{94270686-C2D5-4CC9-ABFB-27A38FCD305C}</link>
        </value>
        <value type="string" key="connectionNotation">crowsfoot</value>
        <value _ptr_="00000200757EFB90" type="list" content-type="object" content-struct-name="db.mgmt.Connection" key="connections"/>
        <value _ptr_="00000200757F0F40" type="list" content-type="object" content-struct-name="workbench.physical.Diagram" key="diagrams">
          <value type="object" struct-name="workbench.physical.Diagram" id="{A539EA7E-C2F1-47CC-8159-7B3169265730}" struct-checksum="0x232c2434">
            <value type="int" key="closed">0</value>
            <value _ptr_="00000200757F4040" type="list" content-type="object" content-struct-name="model.Connection" key="connections">
              <value type="object" struct-name="workbench.physical.Connection" id="{CB78A2F4-C513-4D9C-9A0B-03A9453EE473}" struct-checksum="0x9baebc92">
                <value type="string" key="caption">fk_tb_postagem_tb_tema</value>
                <value type="real" key="captionXOffs">0</value>
                <value type="real" key="captionYOffs">0</value>
                <value type="string" key="comment"></value>
                <value type="real" key="endCaptionXOffs">0</value>
                <value type="real" key="endCaptionYOffs">0</value>
                <value type="string" key="extraCaption"></value>
                <value type="real" key="extraCaptionXOffs">0</value>
                <value type="real" key="extraCaptionYOffs">0</value>
                <link type="object" struct-name="db.ForeignKey" key="foreignKey">{18207553-292E-40DB-9B26-016D1AF5FCA5}</link>
                <value type="real" key="middleSegmentOffset">0</value>
                <value type="real" key="startCaptionXOffs">0</value>
                <value type="real" key="startCaptionYOffs">0</value>
                <value type="int" key="drawSplit">0</value>
                <link type="object" struct-name="model.Figure" key="endFigure">{5533E226-360B-4D35-A647-EFBE01FB3A35}</link>
                <link type="object" struct-name="model.Figure" key="startFigure">{35FA4324-5527-4516-BBC0-29A62A87119C}</link>
                <link type="object" struct-name="model.Diagram" key="owner">{A539EA7E-C2F1-47CC-8159-7B3169265730}</link>
                <value type="int" key="visible">1</value>
                <value type="string" key="name"></value>
              </value>
              <value type="object" struct-name="workbench.physical.Connection" id="{D2B4F91A-B024-4CB8-9A3A-A0954478030E}" struct-checksum="0x9baebc92">
                <value type="string" key="caption">fk_tb_postagem_tb_usuario1</value>
                <value type="real" key="captionXOffs">0</value>
                <value type="real" key="captionYOffs">0</value>
                <value type="string" key="comment"></value>
                <value type="real" key="endCaptionXOffs">0</value>
                <value type="real" key="endCaptionYOffs">0</value>
                <value type="string" key="extraCaption"></value>
                <value type="real" key="extraCaptionXOffs">0</value>
                <value type="real" key="extraCaptionYOffs">0</value>
                <link type="object" struct-name="db.ForeignKey" key="foreignKey">{5EB52925-51A3-42E6-BAF8-7216A834A2C0}</link>
                <value type="real" key="middleSegmentOffset">0</value>
                <value type="real" key="startCaptionXOffs">0</value>
                <value type="real" key="startCaptionYOffs">0</value>
                <value type="int" key="drawSplit">0</value>
                <link type="object" struct-name="model.Figure" key="endFigure">{5D9C487D-F004-4942-BC65-171DDE807501}</link>
                <link type="object" struct-name="model.Figure" key="startFigure">{35FA4324-5527-4516-BBC0-29A62A87119C}</link>
                <link type="object" struct-name="model.Diagram" key="owner">{A539EA7E-C2F1-47CC-8159-7B3169265730}</link>
                <value type="int" key="visible">1</value>
                <value type="string" key="name"></value>
              </value>
            </value>
            <value type="string" key="description"></value>
            <value _ptr_="00000200757F3E80" type="list" content-type="object" content-struct-name="model.Figure" key="figures">
              <value type="object" struct-name="workbench.physical.TableFigure" id="{35FA4324-5527-4516-BBC0-29A62A87119C}" struct-checksum="0x3b14eccb">
                <value type="int" key="columnsExpanded">1</value>
                <value type="int" key="foreignKeysExpanded">0</value>
                <value type="int" key="indicesExpanded">0</value>
                <value type="int" key="summarizeDisplay">-1</value>
                <link type="object" struct-name="db.Table" key="table">{E57E1324-087B-44A7-BE9F-8385CAAD8B34}</link>
                <value type="int" key="triggersExpanded">0</value>
                <value type="string" key="color">#98BFDA</value>
                <value type="int" key="expanded">1</value>
                <value type="real" key="height">211</value>
                <link type="object" struct-name="model.Layer" key="layer">{66B6614B-5B43-4033-8B9F-E1CDC6142FC3}</link>
                <value type="real" key="left">350</value>
                <value type="int" key="locked">0</value>
                <value type="int" key="manualSizing">1</value>
                <value type="real" key="top">123</value>
                <value type="real" key="width">132</value>
                <link type="object" struct-name="model.Diagram" key="owner">{A539EA7E-C2F1-47CC-8159-7B3169265730}</link>
                <value type="int" key="visible">1</value>
                <value type="string" key="name">tb_postagem</value>
              </value>
              <value type="object" struct-name="workbench.physical.TableFigure" id="{5533E226-360B-4D35-A647-EFBE01FB3A35}" struct-checksum="0x3b14eccb">
                <value type="int" key="columnsExpanded">1</value>
                <value type="int" key="foreignKeysExpanded">0</value>
                <value type="int" key="indicesExpanded">0</value>
                <value type="int" key="summarizeDisplay">-1</value>
                <link type="object" struct-name="db.Table" key="table">{C733131C-0078-4011-B6C8-B060F7D9F2BF}</link>
                <value type="int" key="triggersExpanded">0</value>
                <value type="string" key="color">#98BFDA</value>
                <value type="int" key="expanded">1</value>
                <value type="real" key="height">157</value>
                <link type="object" struct-name="model.Layer" key="layer">{66B6614B-5B43-4033-8B9F-E1CDC6142FC3}</link>
                <value type="real" key="left">124</value>
                <value type="int" key="locked">0</value>
                <value type="int" key="manualSizing">1</value>
                <value type="real" key="top">150</value>
                <value type="real" key="width">128</value>
                <link type="object" struct-name="model.Diagram" key="owner">{A539EA7E-C2F1-47CC-8159-7B3169265730}</link>
                <value type="int" key="visible">1</value>
                <value type="string" key="name">tb_tema</value>
              </value>
              <value type="object" struct-name="workbench.physical.TableFigure" id="{5D9C487D-F004-4942-BC65-171DDE807501}" struct-checksum="0x3b14eccb">
                <value type="int" key="columnsExpanded">1</value>
                <value type="int" key="foreignKeysExpanded">0</value>
                <value type="int" key="indicesExpanded">0</value>
                <value type="int" key="summarizeDisplay">-1</value>
                <link type="object" struct-name="db.Table" key="table">{03EE5434-350B-4C4C-8906-5F987F734DF5}</link>
                <value type="int" key="triggersExpanded">0</value>
                <value type="string" key="color">#98BFDA</value>
                <value type="int" key="expanded">1</value>
                <value type="real" key="height">221</value>
                <link type="object" struct-name="model.Layer" key="layer">{66B6614B-5B43-4033-8B9F-E1CDC6142FC3}</link>
                <value type="real" key="left">582</value>
                <value type="int" key="locked">0</value>
                <value type="int" key="manualSizing">1</value>
                <value type="real" key="top">117</value>
                <value type="real" key="width">136</value>
                <link type="object" struct-name="model.Diagram" key="owner">{A539EA7E-C2F1-47CC-8159-7B3169265730}</link>
                <value type="int" key="visible">1</value>
                <value type="string" key="name">tb_usuario</value>
              </value>
            </value>
            <value type="real" key="height">1380.95</value>
            <value _ptr_="00000200757F38D0" type="list" content-type="object" content-struct-name="model.Layer" key="layers"/>
            <value type="string" key="name">EER Diagram</value>
            <value _ptr_="00000200759C7A10" type="dict" key="options"/>
            <link type="object" struct-name="model.Model" key="owner">{94270686-C2D5-4CC9-ABFB-27A38FCD305C}</link>
            <value type="object" struct-name="workbench.physical.Layer" id="{66B6614B-5B43-4033-8B9F-E1CDC6142FC3}" struct-checksum="0x1d14ca4b" key="rootLayer">
              <value type="string" key="color"></value>
              <value type="string" key="description"></value>
              <value _ptr_="00000200757F4820" type="list" content-type="object" content-struct-name="model.Figure" key="figures">
                <link type="object">{35FA4324-5527-4516-BBC0-29A62A87119C}</link>
                <link type="object">{5533E226-360B-4D35-A647-EFBE01FB3A35}</link>
                <link type="object">{5D9C487D-F004-4942-BC65-171DDE807501}</link>
              </value>
              <value _ptr_="00000200757F4AC0" type="list" content-type="object" content-struct-name="model.Group" key="groups"/>
              <value type="real" key="height">1380.95</value>
              <value type="real" key="left">0</value>
              <value _ptr_="00000200757F3400" type="list" content-type="object" content-struct-name="model.Layer" key="subLayers"/>
              <value type="real" key="top">0</value>
              <value type="real" key="width">1972</value>
              <link type="object" struct-name="model.Diagram" key="owner">{A539EA7E-C2F1-47CC-8159-7B3169265730}</link>
              <value type="int" key="visible">1</value>
              <value type="string" key="name"></value>
            </value>
            <value _ptr_="00000200757F3860" type="list" content-type="object" content-struct-name="model.Object" key="selection"/>
            <value type="int" key="updateBlocked">0</value>
            <value type="real" key="width">1972</value>
            <value type="real" key="x">0</value>
            <value type="real" key="y">0</value>
            <value type="real" key="zoom">1.2</value>
          </value>
        </value>
        <value type="string" key="figureNotation">workbench/default</value>
        <value _ptr_="00000200757F12C0" type="list" content-type="object" content-struct-name="GrtStoredNote" key="notes"/>
        <link type="object" struct-name="db.mgmt.Rdbms" key="rdbms">com.mysql.rdbms.mysql</link>
        <value _ptr_="00000200757F0450" type="list" content-type="object" content-struct-name="db.Script" key="scripts"/>
        <value _ptr_="00000200759E5B30" type="dict" key="syncProfiles"/>
        <value _ptr_="00000200757F04C0" type="list" content-type="object" content-struct-name="GrtObject" key="tagCategories">
          <value type="object" struct-name="GrtObject" id="{11A7A6DE-402F-4F33-9188-695FB8B06F11}" struct-checksum="0xd06d8c0f">
            <value type="string" key="name">Business Rule</value>
            <link type="object" struct-name="GrtObject" key="owner">{94270686-C2D5-4CC9-ABFB-27A38FCD305C}</link>
          </value>
        </value>
        <value _ptr_="00000200757F05A0" type="list" content-type="object" content-struct-name="meta.Tag" key="tags"/>
        <link type="object" struct-name="model.Diagram" key="currentDiagram">{A539EA7E-C2F1-47CC-8159-7B3169265730}</link>
        <value _ptr_="00000200759E59B0" type="dict" key="customData"/>
        <value _ptr_="00000200757F11E0" type="list" content-type="object" content-struct-name="model.Marker" key="markers"/>
        <value _ptr_="00000200759E5F50" type="dict" key="options"/>
        <value type="string" key="name"></value>
        <link type="object" struct-name="GrtObject" key="owner">{DE5107C7-20E6-4D79-B571-CA0213968236}</link>
      </value>
    </value>
    <value _ptr_="00000200759E5350" type="dict" key="customData"/>
    <value type="object" struct-name="app.DocumentInfo" id="{B432AACF-5022-41CA-90C3-F1E527DF5BB8}" struct-checksum="0xbba780b8" key="info">
      <value type="string" key="author">Giovana</value>
      <value type="string" key="caption">New Model</value>
      <value type="string" key="dateChanged">2022-07-28 12:31</value>
      <value type="string" key="dateCreated">2022-07-28 09:27</value>
      <value type="string" key="description"></value>
      <value type="string" key="project">Name of the project</value>
      <value type="string" key="version">1.0</value>
      <value type="string" key="name">Properties</value>
      <link type="object" struct-name="GrtObject" key="owner">{DE5107C7-20E6-4D79-B571-CA0213968236}</link>
    </value>
    <value type="object" struct-name="app.PageSettings" id="{C08961C5-6CF7-4DB9-9E98-B973DBC05F45}" struct-checksum="0x7dc77977" key="pageSettings">
      <value type="real" key="marginBottom">14.46</value>
      <value type="real" key="marginLeft">6.35</value>
      <value type="real" key="marginRight">6.35</value>
      <value type="real" key="marginTop">6.35</value>
      <value type="string" key="orientation">portrait</value>
      <link type="object" struct-name="app.PaperType" key="paperType">com.mysql.wb.papertype.a4</link>
      <value type="real" key="scale">5</value>
      <value type="string" key="name"></value>
      <link type="object" struct-name="GrtObject" key="owner">{DE5107C7-20E6-4D79-B571-CA0213968236}</link>
    </value>
    <value type="string" key="name"></value>
  </value>
</data>
